{"cameraMode":{"drawMode":0,"name":"Shaded","section":"Shading Mode"},"sceneLighting":true,"audioPlay":false,"sceneViewState":{"showFog":true,"showMaterialUpdate":true,"showSkybox":true,"showFlares":true,"showImageEffects":true,"showParticleSystems":true},"in2DMode":false,"pivot":{"x":6.903413772583008,"y":-19.86628532409668,"z":0.7844967842102051},"rotation":{"x":0.08172732591629029,"y":-0.6812446713447571,"z":0.07696547359228134,"w":0.7233968377113342},"size":22.281963348388673,"orthographic":false}