{"cameraMode":{"drawMode":0,"name":"Shaded","section":"Shading Mode"},"sceneLighting":false,"audioPlay":false,"sceneViewState":{"showFog":true,"showMaterialUpdate":false,"showSkybox":false,"showFlares":true,"showImageEffects":true,"showParticleSystems":true},"in2DMode":false,"pivot":{"x":-3.688159465789795,"y":18.468650817871095,"z":5.053205966949463},"rotation":{"x":-0.1290590614080429,"y":0.709923505783081,"z":-0.1349208652973175,"w":-0.6790837645530701},"size":4.835501194000244,"orthographic":false}