{"cameraMode":{"drawMode":0,"name":"Shaded","section":"Shading Mode"},"sceneLighting":false,"audioPlay":false,"sceneViewState":{"showFog":true,"showMaterialUpdate":false,"showSkybox":false,"showFlares":true,"showImageEffects":true,"showParticleSystems":true},"in2DMode":false,"pivot":{"x":-16.18425750732422,"y":7.500124931335449,"z":6.095076560974121},"rotation":{"x":-0.1276089996099472,"y":0.721824049949646,"z":-0.13830435276031495,"w":-0.6660038828849793},"size":1.1852766275405884,"orthographic":false}