{"cameraMode":{"drawMode":0,"name":"Shaded","section":"Shading Mode"},"sceneLighting":false,"audioPlay":false,"sceneViewState":{"showFog":true,"showMaterialUpdate":false,"showSkybox":false,"showFlares":true,"showImageEffects":true,"showParticleSystems":true},"in2DMode":false,"pivot":{"x":-5.960464477539063e-8,"y":5.005160331726074,"z":-5.081684589385986},"rotation":{"x":-0.07978065311908722,"y":0.6347181797027588,"z":-0.06612764298915863,"w":-0.7657651305198669},"size":1.1635401248931885,"orthographic":false}