{"cameraMode":{"drawMode":0,"name":"Shaded","section":"Shading Mode"},"sceneLighting":true,"audioPlay":false,"sceneViewState":{"showFog":true,"showMaterialUpdate":false,"showSkybox":true,"showFlares":true,"showImageEffects":true,"showParticleSystems":true},"in2DMode":false,"pivot":{"x":0.7669091820716858,"y":-1.3362042903900147,"z":1.9289451837539673},"rotation":{"x":-0.11981424689292908,"y":0.6622118949890137,"z":-0.10843722522258759,"w":-0.7316868901252747},"size":64.91099548339844,"orthographic":false}