{"cameraMode":{"drawMode":0,"name":"Shaded","section":"Shading Mode"},"sceneLighting":true,"audioPlay":false,"sceneViewState":{"showFog":true,"showMaterialUpdate":false,"showSkybox":true,"showFlares":true,"showImageEffects":true,"showParticleSystems":true},"in2DMode":false,"pivot":{"x":-0.2804867625236511,"y":11.171564102172852,"z":-0.07863442599773407},"rotation":{"x":-0.03749173507094383,"y":0.7147300839424133,"z":-0.03842450678348541,"w":-0.6973584294319153},"size":8.153234481811524,"orthographic":false}