{"cameraMode":{"drawMode":0,"name":"Shaded","section":"Shading Mode"},"sceneLighting":true,"audioPlay":false,"sceneViewState":{"showFog":false,"showMaterialUpdate":false,"showSkybox":false,"showFlares":false,"showImageEffects":false,"showParticleSystems":false},"in2DMode":false,"pivot":{"x":-0.57905113697052,"y":72.13919067382813,"z":-24.64865493774414},"rotation":{"x":0.021296635270118715,"y":-0.7177230715751648,"z":0.02196645550429821,"w":0.6956703066825867},"size":1.7337121963500977,"orthographic":false}