{"cameraMode":{"drawMode":0,"name":"Shaded","section":"Shading Mode"},"sceneLighting":false,"audioPlay":false,"sceneViewState":{"showFog":false,"showMaterialUpdate":false,"showSkybox":false,"showFlares":false,"showImageEffects":false,"showParticleSystems":false},"in2DMode":false,"pivot":{"x":-1.0869190692901612,"y":7.043384552001953,"z":-4.398369789123535},"rotation":{"x":0.23649562895298005,"y":-0.1445237249135971,"z":0.035597458481788638,"w":0.9601655602455139},"size":1.8386754989624024,"orthographic":false}