{"cameraMode":{"drawMode":0,"name":"Shaded","section":"Shading Mode"},"sceneLighting":false,"audioPlay":false,"sceneViewState":{"showFog":true,"showMaterialUpdate":false,"showSkybox":false,"showFlares":true,"showImageEffects":true,"showParticleSystems":true},"in2DMode":false,"pivot":{"x":0.45255011320114138,"y":10.430222511291504,"z":4.284572601318359},"rotation":{"x":0.009630870074033738,"y":-0.7006562948226929,"z":0.009459946304559708,"w":0.7133837938308716},"size":2.0660252571105959,"orthographic":false}