{"cameraMode":{"drawMode":0,"name":"Shaded","section":"Shading Mode"},"sceneLighting":true,"audioPlay":false,"sceneViewState":{"showFog":false,"showMaterialUpdate":false,"showSkybox":false,"showFlares":false,"showImageEffects":false,"showParticleSystems":false},"in2DMode":false,"pivot":{"x":5.26458215713501,"y":-14.90976333618164,"z":-2.846755266189575},"rotation":{"x":0.12948352098464967,"y":-0.6467065811157227,"z":0.11267558485269547,"w":0.7431766986846924},"size":3.5660252571105959,"orthographic":false}