{"cameraMode":{"drawMode":0,"name":"Shaded","section":"Shading Mode"},"sceneLighting":false,"audioPlay":false,"sceneViewState":{"showFog":true,"showMaterialUpdate":false,"showSkybox":false,"showFlares":true,"showImageEffects":true,"showParticleSystems":true},"in2DMode":false,"pivot":{"x":-1.0869190692901612,"y":7.043384552001953,"z":-4.398369789123535},"rotation":{"x":-0.002865878166630864,"y":0.6071918606758118,"z":-0.0021927105262875559,"w":-0.7945660352706909},"size":1.8386754989624024,"orthographic":false}