{"cameraMode":{"drawMode":0,"name":"Shaded","section":"Shading Mode"},"sceneLighting":false,"audioPlay":false,"sceneViewState":{"showFog":true,"showMaterialUpdate":false,"showSkybox":false,"showFlares":true,"showImageEffects":true,"showParticleSystems":true},"in2DMode":false,"pivot":{"x":7.149103164672852,"y":8.702967643737793,"z":1.8555908203125},"rotation":{"x":0.17349852621555329,"y":-0.64827960729599,"z":0.1551615595817566,"w":0.724978506565094},"size":0.7623078227043152,"orthographic":false}