{"cameraMode":{"drawMode":0,"name":"Shaded","section":"Shading Mode"},"sceneLighting":true,"audioPlay":false,"sceneViewState":{"showFog":true,"showMaterialUpdate":false,"showSkybox":true,"showFlares":true,"showImageEffects":true,"showParticleSystems":true},"in2DMode":false,"pivot":{"x":-1.9610471725463868,"y":8.089664459228516,"z":-3.340590000152588},"rotation":{"x":0.016697388142347337,"y":-0.7096695899963379,"z":0.016829613596200944,"w":0.7041442394256592},"size":6.969565391540527,"orthographic":false}