{"cameraMode":{"drawMode":0,"name":"Shaded","section":"Shading Mode"},"sceneLighting":false,"audioPlay":false,"sceneViewState":{"showFog":true,"showMaterialUpdate":false,"showSkybox":false,"showFlares":true,"showImageEffects":true,"showParticleSystems":true},"in2DMode":false,"pivot":{"x":-8.344650268554688e-7,"y":5.25563383102417,"z":-7.383173942565918},"rotation":{"x":-0.10728618502616883,"y":0.6966633796691895,"z":-0.1065802276134491,"w":-0.701278030872345},"size":2.539595603942871,"orthographic":false}