{"cameraMode":{"drawMode":0,"name":"Shaded","section":"Shading Mode"},"sceneLighting":true,"audioPlay":false,"sceneViewState":{"showFog":true,"showMaterialUpdate":false,"showSkybox":true,"showFlares":true,"showImageEffects":true,"showParticleSystems":true},"in2DMode":false,"pivot":{"x":-11.39608097076416,"y":3.67338228225708,"z":1.9401769638061524},"rotation":{"x":-0.08473674952983856,"y":0.6753291487693787,"z":-0.07856159657239914,"w":-0.7284170389175415},"size":25.61593246459961,"orthographic":true}