{"cameraMode":{"drawMode":0,"name":"Shaded","section":"Shading Mode"},"sceneLighting":true,"audioPlay":false,"sceneViewState":{"showFog":true,"showMaterialUpdate":false,"showSkybox":true,"showFlares":true,"showImageEffects":true,"showParticleSystems":true},"in2DMode":false,"pivot":{"x":-2.6007418632507326,"y":4.570648193359375,"z":-2.207653045654297},"rotation":{"x":-0.05000200495123863,"y":0.6902244091033936,"z":-0.04791589453816414,"w":-0.7202740907669067},"size":6.636322498321533,"orthographic":false}