{"cameraMode":{"drawMode":0,"name":"Shaded","section":"Shading Mode"},"sceneLighting":true,"audioPlay":false,"sceneViewState":{"showFog":true,"showMaterialUpdate":false,"showSkybox":true,"showFlares":true,"showImageEffects":true,"showParticleSystems":true},"in2DMode":false,"pivot":{"x":2.035210609436035,"y":11.878531455993653,"z":-0.38089561462402346},"rotation":{"x":0.050115860998630527,"y":0.6639492511749268,"z":0.04467831552028656,"w":-0.7447575926780701},"size":8.057150840759278,"orthographic":false}