{"cameraMode":{"drawMode":0,"name":"Shaded","section":"Shading Mode"},"sceneLighting":true,"audioPlay":false,"sceneViewState":{"showFog":true,"showMaterialUpdate":false,"showSkybox":true,"showFlares":true,"showImageEffects":true,"showParticleSystems":true},"in2DMode":false,"pivot":{"x":-3.184349536895752,"y":5.042093276977539,"z":-1.4679361581802369},"rotation":{"x":-0.12098481506109238,"y":0.7995370030403137,"z":-0.1719285100698471,"w":-0.5626280903816223},"size":8.094417572021485,"orthographic":false}